IDT_MATRICULA,IDT_TURMA,COD_DISCIPLINA,VLR_MEDIA,DSC_SITUACAO_FINAL,1,2
9,2702,GSI002,71,Aprovado,1,2
14,2282,GSI002,0,Reprovado,0,1
18,2329,GSI002,87,Aprovado,1,1
19,2152,GSI002,68,Aprovado,1,2
20,2152,GSI002,60,Aprovado,1,2
25,2025,GSI002,73,Aprovado,1,2
30,1916,GSI002,0,Reprovado,1,1
31,1908,GSI002,40,Reprovado,1,1
32,1908,GSI002,26,Reprovado,1,1
35,2623,GSI002,92,Aprovado,1,2
36,2623,GSI002,82,Aprovado,1,2
38,2379,GSI002,0,Reprovado,1,2
43,2413,GSI002,46,Reprovado,1,2
51,2712,GSI002,77,Aprovado,1,2
52,2630,GSI002,77,Aprovado,1,2
54,2553,GSI002,21,Reprovado,1,2
55,2413,GSI002,68,Aprovado,1,2
58,2381,GSI002,0,Reprovado,1,2
63,2090,GSI002,94,Aprovado,0,2
64,2095,GSI002,80,Aprovado,1,2
65,2090,GSI002,60,Aprovado,1,2
67,2025,GSI002,22,Reprovado,1,2
70,2011,GSI002,92,Aprovado,1,2
72,1976,GSI002,7,Reprovado,1,2
79,1966,GSI002,91,Aprovado,1,1
80,2406,GSI002,70,Aprovado,1,2
82,2173,GSI002,60,Aprovado,1,2
84,1954,GSI002,71,Aprovado,1,1
88,2735,GSI002,63,Aprovado,1,2
91,2721,GSI002,76,Aprovado,1,2
94,2482,GSI002,35,Reprovado,1,2
96,2365,GSI002,88,Aprovado,1,2
99,2329,GSI002,89,Aprovado,1,1
102,2335,GSI002,81,Aprovado,1,1
103,2329,GSI002,90,Aprovado,1,1
108,1908,GSI002,74,Aprovado,1,1
109,2060,GSI002,71,Aprovado,1,2
111,2702,GSI002,100,Aprovado,1,2
115,2186,GSI002,0,Reprovado,1,1
117,1993,GSI002,50,Reprovado,1,2
118,2101,GSI002,30,Reprovado,1,1
119,2623,GSI002,60,Aprovado,1,2
121,2423,GSI002,69,Aprovado,0,1
123,2095,GSI002,70,Aprovado,1,2
127,2702,GSI002,66,Aprovado,1,2
129,2152,GSI002,60,Aprovado,1,2
130,2331,GSI002,30,Reprovado,0,2
131,1993,GSI002,75,Aprovado,1,2
132,2026,GSI002,63,Aprovado,1,2
133,2152,GSI002,43,Reprovado,1,2
134,2702,GSI002,65,Aprovado,1,2
135,2630,GSI002,63,Aprovado,1,2
138,1916,GSI002,73,Aprovado,1,1
143,2735,GSI002,72,Aprovado,1,2
145,2561,GSI002,81,Aprovado,1,2
146,2329,GSI002,0,Reprovado,0,1
149,2365,GSI002,65,Aprovado,1,2
154,1917,GSI002,17,Reprovado,0,0
155,1993,GSI002,72,Aprovado,1,2
160,2365,GSI002,75,Aprovado,1,2
161,1917,GSI002,0,Reprovado,0,0
164,2623,GSI002,99,Aprovado,1,2
168,2331,GSI002,0,Reprovado,0,2
171,2712,GSI002,66,Aprovado,1,2
175,2173,GSI002,78,Aprovado,1,2
177,1916,GSI002,4,Reprovado,1,1
181,2702,GSI002,86,Aprovado,1,2
182,2379,GSI002,20,Reprovado,1,2
184,1976,GSI002,0,Reprovado,0,2
185,1900,GSI002,0,Reprovado,0,1
186,2561,GSI002,94,Aprovado,1,2
207,2712,GSI002,100,Aprovado,1,2
208,2735,GSI002,68,Aprovado,1,2
210,2735,GSI002,89,Aprovado,1,2
211,2721,GSI002,76,Aprovado,1,2
212,2702,GSI002,0,Reprovado,1,2
215,2702,GSI002,100,Aprovado,1,2
216,2702,GSI002,81,Aprovado,1,2
217,2702,GSI002,72,Aprovado,1,2
218,2721,GSI002,60,Aprovado,1,2
219,2721,GSI002,90,Aprovado,1,2
220,2712,GSI002,79,Aprovado,1,2
225,2702,GSI002,63,Aprovado,1,2
228,2702,GSI002,67,Aprovado,1,2
229,2712,GSI002,90,Aprovado,1,2
230,2598,GSI002,47,Reprovado,1,2
234,2659,GSI002,0,Reprovado,1,2
235,2659,GSI002,70,Aprovado,1,2
237,2598,GSI002,42,Reprovado,1,2
241,2623,GSI002,60,Aprovado,1,2
242,2623,GSI002,100,Aprovado,1,2
243,2623,GSI002,60,Aprovado,1,2
244,2598,GSI002,28,Reprovado,1,2
247,2591,GSI002,69,Aprovado,1,2
248,2591,GSI002,78,Aprovado,1,2
249,2598,GSI002,39,Reprovado,1,2
251,2369,GSI002,0,Reprovado,0,2
252,2561,GSI002,86,Aprovado,1,2
253,2553,GSI002,67,Aprovado,1,2
254,2505,GSI002,71,Aprovado,1,1
255,2413,GSI002,19,Reprovado,1,2
256,2505,GSI002,73,Aprovado,1,1
257,2406,GSI002,0,Reprovado,1,2
261,2379,GSI002,37,Reprovado,1,2
262,2453,GSI002,6,Reprovado,1,2
271,2331,GSI002,3,Reprovado,0,2
272,2101,GSI002,84,Aprovado,1,1
274,2196,GSI002,75,Aprovado,1,1
275,2261,GSI002,0,Reprovado,0,2
276,2365,GSI002,60,Aprovado,1,2
277,2173,GSI002,81,Aprovado,1,2
280,2011,GSI002,0,Reprovado,0,2
284,2335,GSI002,61,Aprovado,1,1
285,2335,GSI002,96,Aprovado,1,1
287,2186,GSI002,64,Aprovado,1,1
288,2186,GSI002,97,Aprovado,1,1
295,2261,GSI002,0,Reprovado,0,2
302,2159,GSI002,44,Reprovado,1,1
305,2186,GSI002,67,Aprovado,1,1
310,2173,GSI002,60,Aprovado,1,2
312,2011,GSI002,0,Reprovado,0,2
313,1993,GSI002,81,Aprovado,1,2
314,2025,GSI002,9,Reprovado,0,2
315,2056,GSI002,60,Aprovado,1,2
316,2095,GSI002,60,Aprovado,1,2
318,2026,GSI002,8,Reprovado,1,2
319,2095,GSI002,78,Aprovado,1,2
321,2026,GSI002,72,Aprovado,1,2
324,1976,GSI002,60,Aprovado,1,2
325,2060,GSI002,76,Aprovado,1,2
326,2060,GSI002,96,Aprovado,1,2
327,2005,GSI002,78,Aprovado,1,2
328,1993,GSI002,60,Aprovado,1,2
331,1966,GSI002,2,Reprovado,1,0
332,1993,GSI002,76,Aprovado,1,2
333,1993,GSI002,78,Aprovado,0,2
336,1954,GSI002,0,Reprovado,1,1
338,1966,GSI002,2,Reprovado,1,1
339,1916,GSI002,3,Reprovado,1,1
341,1947,GSI002,19,Reprovado,1,1
349,1890,GSI002,84,Aprovado,1,1
351,1890,GSI002,4,Reprovado,1,1
352,1954,GSI002,22,Reprovado,1,1
361,2406,GSI002,32,Reprovado,1,2
362,1900,GSI002,0,Reprovado,1,1
373,2553,GSI002,88,Aprovado,1,2
374,2591,GSI002,68,Aprovado,1,2
376,2413,GSI002,64,Aprovado,1,2
377,2493,GSI002,0,Reprovado,1,2
378,2379,GSI002,0,Reprovado,1,2
380,2456,GSI002,76,Aprovado,1,2
384,2329,GSI002,93,Aprovado,1,1
387,2282,GSI002,59,Reprovado,1,1
390,2025,GSI002,87,Aprovado,1,2
392,2026,GSI002,79,Aprovado,1,2
393,2005,GSI002,89,Aprovado,1,2
395,1947,GSI002,56,Reprovado,1,1
396,1947,GSI002,80,Aprovado,1,1
398,1976,GSI002,0,Reprovado,1,2
399,1890,GSI002,61,Aprovado,1,1
400,1916,GSI002,65,Aprovado,1,1
404,1908,GSI002,73,Aprovado,1,1
406,2623,GSI002,76,Aprovado,1,2
410,2553,GSI002,16,Reprovado,1,2
412,2677,GSI002,88,Aprovado,1,2
419,2493,GSI002,60,Aprovado,1,2
420,1966,GSI002,89,Aprovado,1,1
421,2005,GSI002,60,Aprovado,0,2
425,1916,GSI002,99,Aprovado,1,1
427,1916,GSI002,20,Reprovado,1,1
429,1900,GSI002,14,Reprovado,1,1
433,2413,GSI002,95,Aprovado,1,2
434,2335,GSI002,93,Aprovado,1,1
435,2257,GSI002,0,Reprovado,1,1
437,2152,GSI002,69,Aprovado,1,2
440,1916,GSI002,74,Aprovado,1,1
441,1890,GSI002,10,Reprovado,1,1
442,1890,GSI002,96,Aprovado,1,1
450,2735,GSI002,60,Aprovado,1,2
452,2257,GSI002,0,Reprovado,0,1
455,2257,GSI002,73,Aprovado,1,1
462,2721,GSI002,62,Aprovado,1,2
464,2598,GSI002,100,Aprovado,1,2
468,2721,GSI002,64,Aprovado,1,2
469,2721,GSI002,61,Aprovado,1,2
473,2659,GSI002,96,Aprovado,1,2
474,2423,GSI002,77,Aprovado,0,1
476,2591,GSI002,100,Aprovado,1,2
481,2186,GSI002,84,Aprovado,1,1
484,2159,GSI002,81,Aprovado,1,1
486,2101,GSI002,1,Reprovado,1,1
494,1930,GSI002,0,Reprovado,1,2
496,1954,GSI002,99,Aprovado,1,1
497,1890,GSI002,42,Reprovado,1,1
499,2721,GSI002,0,Reprovado,1,2
502,2482,GSI002,90,Aprovado,1,2
506,2721,GSI002,60,Aprovado,1,2
507,2377,GSI002,8,Reprovado,0,2
511,1993,GSI002,68,Aprovado,1,2
513,2090,GSI002,10,Reprovado,1,2
519,2090,GSI002,60,Aprovado,1,2
522,2090,GSI002,30,Reprovado,1,2
523,2456,GSI002,100,Aprovado,1,2
528,2095,GSI002,69,Aprovado,1,2
530,2365,GSI002,10,Reprovado,1,2
532,2553,GSI002,90,Aprovado,1,2
538,1958,GSI002,12,Reprovado,1,1
541,2152,GSI002,19,Reprovado,1,2
544,2377,GSI002,62,Aprovado,1,2
545,1890,GSI002,35,Reprovado,0,1
549,2591,GSI002,77,Aprovado,1,2
554,2186,GSI002,88,Aprovado,1,1
555,2186,GSI002,74,Aprovado,1,1
557,2196,GSI002,97,Aprovado,1,1
562,2056,GSI002,60,Aprovado,1,2
563,2025,GSI002,88,Aprovado,1,2
569,2005,GSI002,84,Aprovado,1,2
573,1900,GSI002,0,Reprovado,1,1
577,2453,GSI002,60,Aprovado,1,2
578,2413,GSI002,0,Reprovado,0,2
580,2261,GSI002,0,Reprovado,0,2
581,2331,GSI002,63,Aprovado,0,2
584,2735,GSI002,94,Aprovado,1,2
585,1916,GSI002,30,Reprovado,1,1
591,2048,GSI002,4,Reprovado,0,2
592,2702,GSI002,81,Aprovado,1,2
596,1890,GSI002,34,Reprovado,1,1
599,2721,GSI002,60,Aprovado,1,2
600,2659,GSI002,40,Reprovado,1,2
604,2456,GSI002,23,Reprovado,1,2
611,1958,GSI002,2,Reprovado,1,1
612,2056,GSI002,73,Aprovado,1,2
616,1900,GSI002,0,Reprovado,1,1
617,1908,GSI002,50,Reprovado,1,1
619,1900,GSI002,0,Reprovado,1,1
621,2677,GSI002,100,Aprovado,1,2
623,1916,GSI002,68,Aprovado,1,1
626,2011,GSI002,66,Aprovado,0,2
627,2025,GSI002,0,Reprovado,1,2
628,2011,GSI002,91,Aprovado,1,2
633,2335,GSI002,61,Aprovado,1,1
634,2598,GSI002,61,Aprovado,1,2
639,1916,GSI002,60,Aprovado,1,1
640,1900,GSI002,77,Aprovado,1,1
643,2735,GSI002,0,Reprovado,1,2
650,2735,GSI002,11,Reprovado,1,2
652,2598,GSI002,9,Reprovado,1,2
653,1900,GSI002,74,Aprovado,1,1
655,2493,GSI002,60,Aprovado,1,2
657,2735,GSI002,60,Aprovado,1,2
658,2611,GSI002,60,Aprovado,1,2
659,2282,GSI002,82,Aprovado,0,1
660,1976,GSI002,9,Reprovado,1,2
662,2159,GSI002,0,Reprovado,1,0
668,1917,GSI002,0,Reprovado,0,0
669,2101,GSI002,60,Aprovado,1,1
675,1954,GSI002,70,Aprovado,1,1
676,2721,GSI002,97,Aprovado,1,2
677,1900,GSI002,1,Reprovado,1,1
686,2659,GSI002,63,Aprovado,1,2
687,2735,GSI002,60,Aprovado,1,2
688,2721,GSI002,60,Aprovado,1,2
694,2702,GSI002,82,Aprovado,1,2
695,2659,GSI002,67,Aprovado,1,2
696,2591,GSI002,29,Reprovado,1,2
697,2712,GSI002,86,Aprovado,1,2
698,2721,GSI002,69,Aprovado,1,2
700,2630,GSI002,79,Aprovado,1,2
701,2423,GSI002,44,Reprovado,0,1
702,2677,GSI002,100,Aprovado,1,2
703,2559,GSI002,0,Reprovado,0,2
705,2453,GSI002,0,Reprovado,1,2
706,2598,GSI002,53,Reprovado,1,2
709,2598,GSI002,68,Aprovado,1,2
710,2456,GSI002,78,Aprovado,1,2
711,2257,GSI002,46,Reprovado,0,1
712,2453,GSI002,69,Aprovado,1,2
717,2335,GSI002,15,Reprovado,0,1
719,2331,GSI002,79,Aprovado,0,2
722,2329,GSI002,53,Reprovado,1,1
723,2335,GSI002,89,Aprovado,1,1
728,2257,GSI002,27,Reprovado,1,1
730,2196,GSI002,78,Aprovado,1,1
733,2196,GSI002,64,Aprovado,1,1
735,2090,GSI002,67,Aprovado,1,2
737,2152,GSI002,64,Aprovado,1,2
739,1958,GSI002,86,Aprovado,1,1
742,2090,GSI002,61,Aprovado,0,2
743,2005,GSI002,72,Aprovado,1,2
748,1916,GSI002,69,Aprovado,1,1
749,1908,GSI002,66,Aprovado,1,1
750,1908,GSI002,0,Reprovado,1,1
751,1890,GSI002,0,Reprovado,0,1
752,1900,GSI002,0,Reprovado,1,1
757,2735,GSI002,94,Aprovado,1,2
758,2735,GSI002,79,Aprovado,1,2
762,2659,GSI002,67,Aprovado,1,2
768,2591,GSI002,46,Reprovado,1,2
769,2559,GSI002,0,Reprovado,0,2
771,2329,GSI002,83,Aprovado,1,1
773,1958,GSI002,0,Reprovado,1,1
775,1976,GSI002,0,Reprovado,1,2
777,1908,GSI002,87,Aprovado,1,1
782,2186,GSI002,94,Aprovado,1,1
786,2005,GSI002,75,Aprovado,1,2
787,1917,GSI002,0,Reprovado,0,0
793,1966,GSI002,69,Aprovado,1,1
797,2056,GSI002,0,Reprovado,1,2
798,2721,GSI002,60,Aprovado,1,2
799,2095,GSI002,9,Reprovado,1,2
801,2329,GSI002,61,Aprovado,1,1
804,2423,GSI002,13,Reprovado,0,1
813,2011,GSI002,2,Reprovado,1,2
816,1916,GSI002,69,Aprovado,1,1
820,2413,GSI002,93,Aprovado,1,2
827,1900,GSI002,20,Reprovado,1,1
830,1900,GSI002,1,Reprovado,1,1
831,2329,GSI002,88,Aprovado,1,1
834,2630,GSI002,0,Reprovado,1,2
837,2011,GSI002,0,Reprovado,0,2
843,2381,GSI002,88,Aprovado,1,2
846,2186,GSI002,74,Aprovado,1,1
847,2712,GSI002,61,Aprovado,1,2
848,2159,GSI002,90,Aprovado,1,1
855,1900,GSI002,69,Aprovado,1,1
856,2406,GSI002,38,Reprovado,1,2
859,2630,GSI002,60,Aprovado,1,2
860,2381,GSI002,0,Reprovado,1,2
861,2623,GSI002,100,Aprovado,1,2
866,2721,GSI002,72,Aprovado,1,2
867,2331,GSI002,0,Reprovado,0,2
868,2453,GSI002,7,Reprovado,1,2
879,2011,GSI002,0,Reprovado,1,2
883,1917,GSI002,3,Reprovado,0,0
889,2095,GSI002,60,Aprovado,1,2
891,2025,GSI002,60,Aprovado,1,2
892,1900,GSI002,92,Aprovado,1,1
895,2735,GSI002,77,Aprovado,1,2
899,2702,GSI002,77,Aprovado,1,2
905,2598,GSI002,48,Reprovado,1,2
906,2659,GSI002,68,Aprovado,1,2
907,2611,GSI002,9,Reprovado,1,2
911,2591,GSI002,43,Reprovado,1,2
938,2453,GSI002,60,Aprovado,1,2
939,2329,GSI002,73,Aprovado,1,1
941,2413,GSI002,7,Reprovado,1,2
961,2159,GSI002,0,Reprovado,1,0
986,2261,GSI002,0,Reprovado,0,2
991,2261,GSI002,76,Aprovado,0,2
1002,2159,GSI002,0,Reprovado,0,0
1048,2056,GSI002,92,Aprovado,1,2
1055,1947,GSI002,27,Reprovado,1,1
1077,1947,GSI002,0,Reprovado,1,1
1079,1954,GSI002,6,Reprovado,1,1
1081,1930,GSI002,55,Reprovado,1,2
1085,1917,GSI002,0,Reprovado,0,0
1113,1890,GSI002,7,Reprovado,1,1
1115,2712,GSI002,100,Aprovado,1,2
1117,2413,GSI002,53,Reprovado,1,2
1118,2331,GSI002,86,Aprovado,0,2
1119,2381,GSI002,0,Reprovado,1,2
1120,2331,GSI002,70,Aprovado,0,2
1124,2095,GSI002,52,Reprovado,1,2
1125,2025,GSI002,80,Aprovado,1,2
1130,1900,GSI002,96,Aprovado,1,1
1138,2335,GSI002,0,Reprovado,0,1
1143,2282,GSI002,39,Reprovado,1,1
1144,2261,GSI002,60,Aprovado,0,2
1146,1930,GSI002,72,Aprovado,1,2
1150,2598,GSI002,80,Aprovado,1,2
1151,2329,GSI002,30,Reprovado,1,1
1155,2196,GSI002,89,Aprovado,1,1
1160,2261,GSI002,0,Reprovado,0,2
1163,2721,GSI002,84,Aprovado,1,2
1166,2591,GSI002,54,Reprovado,1,2
1167,2623,GSI002,28,Reprovado,1,2
1168,2413,GSI002,85,Aprovado,1,2
1178,2095,GSI002,84,Aprovado,1,2
1179,2005,GSI002,82,Aprovado,1,2
1190,2735,GSI002,92,Aprovado,1,2
1193,2721,GSI002,62,Aprovado,1,2
1194,2011,GSI002,60,Aprovado,1,2
1195,2735,GSI002,92,Aprovado,1,2
1196,1900,GSI002,3,Reprovado,1,1
1203,2735,GSI002,61,Aprovado,1,2
1205,2735,GSI002,77,Aprovado,1,2
1209,2591,GSI002,62,Aprovado,1,2
1210,2623,GSI002,100,Aprovado,1,2
1211,2623,GSI002,0,Reprovado,1,2
1216,2561,GSI002,80,Aprovado,1,2
1217,2011,GSI002,62,Aprovado,1,2
1219,2335,GSI002,87,Aprovado,1,1
1221,2090,GSI002,0,Reprovado,0,2
1223,2173,GSI002,0,Reprovado,1,2
1224,2011,GSI002,84,Aprovado,1,2
1225,2011,GSI002,71,Aprovado,1,2
1227,2011,GSI002,60,Aprovado,1,2
1229,2095,GSI002,92,Aprovado,1,2
1230,1993,GSI002,61,Aprovado,1,2
1236,1890,GSI002,12,Reprovado,1,1
1237,1930,GSI002,0,Reprovado,0,2
1238,1966,GSI002,22,Reprovado,1,0
1239,1900,GSI002,73,Aprovado,0,1
1241,1900,GSI002,6,Reprovado,1,1
1242,1900,GSI002,51,Reprovado,1,1
1251,2677,GSI002,84,Aprovado,1,2
1252,2677,GSI002,5,Reprovado,1,2
1254,2423,GSI002,30,Reprovado,0,1
1255,2712,GSI002,62,Aprovado,1,2
1259,2611,GSI002,0,Reprovado,1,2
1260,2561,GSI002,85,Aprovado,1,2
1262,2598,GSI002,42,Reprovado,1,2
1275,2196,GSI002,87,Aprovado,1,1
1282,2025,GSI002,82,Aprovado,1,2
1284,2060,GSI002,82,Aprovado,1,2
1285,2060,GSI002,73,Aprovado,1,2
1288,2011,GSI002,61,Aprovado,1,2
1293,1908,GSI002,74,Aprovado,1,1
1294,1916,GSI002,65,Aprovado,1,1
1295,1916,GSI002,1,Reprovado,1,1
1297,1900,GSI002,71,Aprovado,1,1
1301,1954,GSI002,8,Reprovado,1,1
1303,2196,GSI002,86,Aprovado,1,1
1305,2056,GSI002,1,Reprovado,1,2
1317,2735,GSI002,94,Aprovado,1,2
1319,2611,GSI002,60,Aprovado,1,2
1321,2282,GSI002,96,Aprovado,1,1
1322,1916,GSI002,84,Aprovado,1,1
1323,1947,GSI002,63,Aprovado,1,1
1325,2173,GSI002,83,Aprovado,1,2
1326,1958,GSI002,79,Aprovado,1,1
1329,2630,GSI002,91,Aprovado,1,2
1330,1954,GSI002,63,Aprovado,1,1
1331,2456,GSI002,100,Aprovado,1,2
1332,2482,GSI002,56,Reprovado,1,2
1333,1916,GSI002,81,Aprovado,1,1
1334,2173,GSI002,0,Reprovado,1,2
1336,2152,GSI002,51,Reprovado,1,2
1338,2005,GSI002,84,Aprovado,1,2
1341,2702,GSI002,92,Aprovado,1,2
1342,2702,GSI002,87,Aprovado,1,2
1343,2591,GSI002,65,Aprovado,1,2
1344,2623,GSI002,99,Aprovado,1,2
1345,2561,GSI002,69,Aprovado,1,2
1347,2329,GSI002,57,Reprovado,0,1
1352,2659,GSI002,6,Reprovado,1,2
1354,2623,GSI002,96,Aprovado,1,2
1356,2493,GSI002,74,Aprovado,1,2
1357,2329,GSI002,76,Aprovado,1,1
1358,2329,GSI002,31,Reprovado,1,1
1365,2735,GSI002,87,Aprovado,1,2
1368,2721,GSI002,0,Reprovado,1,2
1370,2623,GSI002,66,Aprovado,1,2
1371,2329,GSI002,97,Aprovado,1,1
1377,2159,GSI002,32,Reprovado,1,1
1378,2056,GSI002,96,Aprovado,1,2
1379,2060,GSI002,0,Reprovado,1,2
1391,1966,GSI002,17,Reprovado,1,1
1396,1890,GSI002,71,Aprovado,1,1
1398,2735,GSI002,0,Reprovado,1,2
1403,2591,GSI002,21,Reprovado,1,2
1404,2377,GSI002,0,Reprovado,0,2
1406,2335,GSI002,72,Aprovado,0,1
1409,1917,GSI002,0,Reprovado,0,0
1416,2456,GSI002,60,Aprovado,1,2
1417,2423,GSI002,14,Reprovado,0,1
1420,2025,GSI002,60,Aprovado,1,2
1421,2060,GSI002,0,Reprovado,1,2
1426,2623,GSI002,66,Aprovado,1,2
1429,2381,GSI002,66,Aprovado,1,2
1431,2025,GSI002,60,Aprovado,1,2
1432,1966,GSI002,42,Reprovado,1,0
1433,2011,GSI002,86,Aprovado,1,2
1435,2406,GSI002,0,Reprovado,1,2
1437,2282,GSI002,82,Aprovado,1,1
1443,2712,GSI002,69,Aprovado,1,2
1444,2561,GSI002,90,Aprovado,1,2
1451,1917,GSI002,8,Reprovado,0,0
1452,1908,GSI002,30,Reprovado,1,1
1455,2406,GSI002,15,Reprovado,1,2
1456,1993,GSI002,95,Aprovado,0,2
1459,2005,GSI002,76,Aprovado,1,2
1463,2026,GSI002,89,Aprovado,1,2
1467,2056,GSI002,77,Aprovado,1,2
1468,2598,GSI002,45,Reprovado,1,2
1469,2331,GSI002,9,Reprovado,0,2
1470,2060,GSI002,60,Aprovado,1,2
1471,2025,GSI002,82,Aprovado,1,2
1472,2196,GSI002,0,Reprovado,1,1
1475,2196,GSI002,95,Aprovado,1,1
1477,2005,GSI002,69,Aprovado,1,2
1478,1908,GSI002,0,Reprovado,1,1
1479,1917,GSI002,84,Aprovado,1,1
1487,2598,GSI002,100,Aprovado,1,2
1488,2423,GSI002,18,Reprovado,1,1
1489,2365,GSI002,23,Reprovado,1,2
1490,2453,GSI002,82,Aprovado,1,2
1494,1890,GSI002,84,Aprovado,1,1
1495,1890,GSI002,13,Reprovado,1,1
1496,1916,GSI002,84,Aprovado,1,1
1497,2721,GSI002,60,Aprovado,1,2
1500,1947,GSI002,63,Aprovado,1,1
1501,1908,GSI002,32,Reprovado,1,1
1507,2186,GSI002,96,Aprovado,1,1
1508,2025,GSI002,61,Aprovado,1,2
1509,2095,GSI002,0,Reprovado,1,2
1514,1900,GSI002,23,Reprovado,0,1
1516,2721,GSI002,93,Aprovado,1,2
1521,2591,GSI002,28,Reprovado,1,2
1524,2559,GSI002,0,Reprovado,1,2
1525,2505,GSI002,81,Aprovado,1,1
1526,2598,GSI002,92,Aprovado,1,2
1528,2331,GSI002,0,Reprovado,0,2
1530,2379,GSI002,77,Aprovado,1,2
1532,2456,GSI002,0,Reprovado,1,2
1534,2381,GSI002,15,Reprovado,1,2
1535,2011,GSI002,0,Reprovado,1,2
1537,2261,GSI002,0,Reprovado,0,2
1538,2095,GSI002,5,Reprovado,1,2
1540,2025,GSI002,64,Aprovado,1,2
1543,1917,GSI002,0,Reprovado,0,0
1544,1962,GSI002,26,Reprovado,1,2
1548,1966,GSI002,76,Aprovado,1,1
1549,1966,GSI002,86,Aprovado,1,1
1552,1908,GSI002,70,Aprovado,1,1
1555,1900,GSI002,0,Reprovado,1,1
1556,1890,GSI002,0,Reprovado,1,1
1561,2721,GSI002,64,Aprovado,1,2
1562,2721,GSI002,73,Aprovado,1,2
1565,2591,GSI002,76,Aprovado,1,2
1567,2379,GSI002,0,Reprovado,1,2
1568,2026,GSI002,7,Reprovado,0,2
1573,2101,GSI002,9,Reprovado,1,1
1574,2056,GSI002,60,Aprovado,1,2
1575,2591,GSI002,44,Reprovado,1,2
1576,2379,GSI002,0,Reprovado,1,2
1580,2677,GSI002,65,Aprovado,1,2
1584,1890,GSI002,10,Reprovado,1,1
1585,2173,GSI002,78,Aprovado,1,2
1588,2365,GSI002,46,Reprovado,1,2
1591,2591,GSI002,82,Aprovado,1,2
1594,1993,GSI002,12,Reprovado,0,2
1601,1954,GSI002,0,Reprovado,1,1
1608,2159,GSI002,0,Reprovado,1,0
1611,2025,GSI002,19,Reprovado,0,2
1613,2369,GSI002,0,Reprovado,0,2
1614,1908,GSI002,37,Reprovado,1,1
1615,2735,GSI002,67,Aprovado,1,2
1617,2630,GSI002,53,Reprovado,1,2
1620,2424,GSI002,0,Reprovado,1,2
1621,2553,GSI002,76,Aprovado,1,2
1622,2186,GSI002,60,Aprovado,1,1
1625,2060,GSI002,76,Aprovado,1,2
1628,2152,GSI002,83,Aprovado,1,2
1630,2056,GSI002,97,Aprovado,1,2
1631,1890,GSI002,0,Reprovado,1,1
1643,2735,GSI002,98,Aprovado,1,2
1655,2659,GSI002,0,Reprovado,1,2
1656,2482,GSI002,80,Aprovado,1,2
1660,2553,GSI002,72,Aprovado,1,2
1661,2553,GSI002,71,Aprovado,1,2
1663,2406,GSI002,67,Aprovado,1,2
1666,2453,GSI002,81,Aprovado,1,2
1669,2011,GSI002,67,Aprovado,1,2
1670,1962,GSI002,15,Reprovado,1,2
1683,2025,GSI002,0,Reprovado,0,2
1684,2095,GSI002,60,Aprovado,1,2
1686,2090,GSI002,72,Aprovado,1,2
1687,2090,GSI002,79,Aprovado,1,2
1690,1954,GSI002,62,Aprovado,0,1
1691,1954,GSI002,80,Aprovado,1,1
1693,1890,GSI002,79,Aprovado,1,1
1697,2026,GSI002,67,Aprovado,1,2
1701,1908,GSI002,0,Reprovado,1,1
1702,1900,GSI002,8,Reprovado,0,1
1703,1900,GSI002,3,Reprovado,1,1
1838,2735,GSI002,60,Aprovado,1,2
1839,2721,GSI002,71,Aprovado,1,2
1840,2721,GSI002,70,Aprovado,1,2
1841,2735,GSI002,63,Aprovado,1,2
1842,2735,GSI002,81,Aprovado,1,2
1843,2735,GSI002,100,Aprovado,1,2
1844,2735,GSI002,71,Aprovado,1,2
1847,2735,GSI002,60,Aprovado,1,2
1848,2712,GSI002,74,Aprovado,1,2
1849,2735,GSI002,66,Aprovado,1,2
1850,2735,GSI002,100,Aprovado,1,2
1851,2735,GSI002,60,Aprovado,1,2
1852,2735,GSI002,100,Aprovado,1,2
1853,2712,GSI002,78,Aprovado,1,2
1854,2735,GSI002,79,Aprovado,1,2
1855,2735,GSI002,99,Aprovado,1,2
1856,2721,GSI002,60,Aprovado,1,2
1857,2702,GSI002,61,Aprovado,1,2
1858,2735,GSI002,60,Aprovado,1,2
1859,2735,GSI002,68,Aprovado,1,2
1860,2735,GSI002,77,Aprovado,1,2
1861,2735,GSI002,75,Aprovado,1,2
1862,2735,GSI002,62,Aprovado,1,2
1863,2735,GSI002,74,Aprovado,1,2
1864,2735,GSI002,78,Aprovado,1,2
1868,2735,GSI002,76,Aprovado,1,2
1869,2721,GSI002,60,Aprovado,1,2
1870,2659,GSI002,0,Reprovado,1,2
1871,2721,GSI002,0,Reprovado,1,2
1872,2735,GSI002,61,Aprovado,1,2
1873,2735,GSI002,100,Aprovado,1,2
1886,2721,GSI002,91,Aprovado,1,2
1889,2702,GSI002,0,Reprovado,1,2
1890,2659,GSI002,17,Reprovado,1,2
1891,2712,GSI002,61,Aprovado,1,2
1892,2721,GSI002,83,Aprovado,1,2
1893,2721,GSI002,63,Aprovado,1,2
1894,2712,GSI002,63,Aprovado,1,2
1895,2721,GSI002,69,Aprovado,1,2
1898,2721,GSI002,72,Aprovado,1,2
1899,2721,GSI002,70,Aprovado,1,2
1900,2712,GSI002,13,Reprovado,1,2
1901,2721,GSI002,73,Aprovado,1,2
1902,2677,GSI002,64,Aprovado,1,2
1903,2712,GSI002,77,Aprovado,1,2
1904,2721,GSI002,79,Aprovado,1,2
1905,2721,GSI002,100,Aprovado,1,2
1906,2659,GSI002,0,Reprovado,1,2
1907,2659,GSI002,71,Aprovado,1,2
1908,2659,GSI002,77,Aprovado,1,2
1909,2712,GSI002,89,Aprovado,1,2
1910,2702,GSI002,14,Reprovado,1,2
1911,2721,GSI002,91,Aprovado,1,2
1912,2721,GSI002,62,Aprovado,1,2
1913,2712,GSI002,78,Aprovado,1,2
1914,2605,GSI002,0,Reprovado,1,2
1915,2721,GSI002,10,Reprovado,1,2
1917,2702,GSI002,0,Reprovado,1,2
1918,2721,GSI002,88,Aprovado,1,2
1920,2721,GSI002,67,Aprovado,1,2
1921,2712,GSI002,68,Aprovado,1,2
1922,2721,GSI002,66,Aprovado,1,2
1923,2659,GSI002,0,Reprovado,1,2
1928,2677,GSI002,60,Aprovado,1,2
1939,2702,GSI002,100,Aprovado,1,2
1940,2702,GSI002,66,Aprovado,1,2
1941,2677,GSI002,64,Aprovado,1,2
1948,2712,GSI002,79,Aprovado,1,2
1949,2702,GSI002,66,Aprovado,1,2
1950,2702,GSI002,100,Aprovado,1,2
1951,2712,GSI002,14,Reprovado,1,2
1952,2702,GSI002,82,Aprovado,1,2
1953,2702,GSI002,60,Aprovado,1,2
1954,2630,GSI002,60,Aprovado,1,2
1955,2702,GSI002,60,Aprovado,1,2
1956,2712,GSI002,60,Aprovado,1,2
1957,2702,GSI002,71,Aprovado,1,2
1958,2677,GSI002,65,Aprovado,1,2
1959,2702,GSI002,65,Aprovado,1,2
1960,2702,GSI002,60,Aprovado,1,2
1961,2702,GSI002,82,Aprovado,1,2
1962,2659,GSI002,79,Aprovado,1,2
1963,2712,GSI002,60,Aprovado,1,2
1964,2677,GSI002,67,Aprovado,1,2
1965,2702,GSI002,72,Aprovado,1,2
1968,2702,GSI002,76,Aprovado,1,2
1969,2659,GSI002,87,Aprovado,1,2
1970,2623,GSI002,0,Reprovado,1,2
1971,2702,GSI002,65,Aprovado,1,2
1972,2702,GSI002,90,Aprovado,1,2
1973,2702,GSI002,89,Aprovado,1,2
1974,2712,GSI002,76,Aprovado,1,2
1980,2659,GSI002,0,Reprovado,1,2
1981,2712,GSI002,78,Aprovado,1,2
1982,2659,GSI002,12,Reprovado,1,2
1989,2677,GSI002,67,Aprovado,1,2
1991,2659,GSI002,77,Aprovado,1,2
1992,2659,GSI002,91,Aprovado,1,2
1994,2659,GSI002,100,Aprovado,1,2
2000,2659,GSI002,32,Reprovado,1,2
2001,2677,GSI002,62,Aprovado,1,2
2002,2659,GSI002,27,Reprovado,1,2
2003,2659,GSI002,100,Aprovado,1,2
2004,2623,GSI002,60,Aprovado,1,2
2005,2677,GSI002,86,Aprovado,1,2
2006,2659,GSI002,74,Aprovado,1,2
2007,2677,GSI002,65,Aprovado,1,2
2009,2677,GSI002,80,Aprovado,1,2
2010,2381,GSI002,60,Aprovado,1,2
2011,2659,GSI002,75,Aprovado,1,2
2012,2677,GSI002,61,Aprovado,1,2
2013,2659,GSI002,66,Aprovado,1,2
2015,2659,GSI002,8,Reprovado,1,2
2016,2659,GSI002,80,Aprovado,1,2
2017,2630,GSI002,68,Aprovado,1,2
2018,2677,GSI002,100,Aprovado,1,2
2019,2659,GSI002,81,Aprovado,1,2
2020,2659,GSI002,70,Aprovado,1,2
2021,2677,GSI002,60,Aprovado,1,2
2022,2659,GSI002,91,Aprovado,1,2
2023,2659,GSI002,63,Aprovado,1,2
2024,2623,GSI002,60,Aprovado,1,2
2025,2381,GSI002,60,Aprovado,1,2
2026,2659,GSI002,67,Aprovado,1,2
2029,2659,GSI002,97,Aprovado,1,2
2031,2659,GSI002,96,Aprovado,1,2
2032,2677,GSI002,0,Reprovado,1,2
2033,2591,GSI002,56,Reprovado,1,2
2034,2659,GSI002,74,Aprovado,1,2
2042,2611,GSI002,25,Reprovado,1,2
2051,2598,GSI002,52,Reprovado,1,2
2052,2598,GSI002,13,Reprovado,1,2
2059,2623,GSI002,0,Reprovado,1,2
2060,2623,GSI002,79,Aprovado,1,2
2061,2630,GSI002,88,Aprovado,1,2
2062,2630,GSI002,60,Aprovado,1,2
2063,2623,GSI002,1,Reprovado,1,2
2064,2623,GSI002,83,Aprovado,1,2
2065,2623,GSI002,60,Aprovado,1,2
2066,2423,GSI002,10,Reprovado,0,0
2067,2623,GSI002,47,Reprovado,1,2
2068,2611,GSI002,18,Reprovado,1,2
2069,2605,GSI002,16,Reprovado,1,2
2071,2623,GSI002,75,Aprovado,1,2
2072,2623,GSI002,89,Aprovado,1,2
2073,2559,GSI002,0,Reprovado,0,2
2074,2559,GSI002,82,Aprovado,1,2
2075,2630,GSI002,60,Aprovado,1,2
2076,2623,GSI002,82,Aprovado,1,2
2077,2630,GSI002,60,Aprovado,1,2
2078,2623,GSI002,64,Aprovado,1,2
2079,2591,GSI002,34,Reprovado,1,2
2080,2630,GSI002,60,Aprovado,1,2
2081,2623,GSI002,26,Reprovado,1,2
2082,2623,GSI002,60,Aprovado,1,2
2083,2611,GSI002,24,Reprovado,1,2
2084,2630,GSI002,95,Aprovado,1,2
2088,2623,GSI002,78,Aprovado,1,2
2089,2623,GSI002,52,Reprovado,1,2
2090,2630,GSI002,73,Aprovado,1,2
2091,2505,GSI002,0,Reprovado,1,1
2092,2591,GSI002,34,Reprovado,1,2
2093,2591,GSI002,16,Reprovado,1,2
2100,2423,GSI002,16,Reprovado,0,1
2101,2623,GSI002,16,Reprovado,1,2
2102,2623,GSI002,60,Aprovado,1,2
2107,2623,GSI002,65,Aprovado,1,2
2108,2623,GSI002,65,Aprovado,1,2
2125,2598,GSI002,66,Aprovado,1,2
2128,2598,GSI002,34,Reprovado,1,2
2129,2598,GSI002,78,Aprovado,1,2
2130,2598,GSI002,86,Aprovado,1,2
2131,2598,GSI002,46,Reprovado,1,2
2132,2598,GSI002,63,Aprovado,1,2
2133,2598,GSI002,60,Aprovado,1,2
2134,2598,GSI002,40,Reprovado,1,2
2135,2598,GSI002,61,Aprovado,1,2
2137,2591,GSI002,17,Reprovado,1,2
2138,2591,GSI002,54,Reprovado,1,2
2139,2591,GSI002,60,Aprovado,1,2
2140,2424,GSI002,0,Reprovado,1,2
2141,2379,GSI002,0,Reprovado,0,2
2142,2598,GSI002,45,Reprovado,1,2
2143,2598,GSI002,71,Aprovado,1,2
2144,2598,GSI002,0,Reprovado,1,2
2145,2591,GSI002,46,Reprovado,1,2
2146,2591,GSI002,60,Aprovado,1,2
2147,2591,GSI002,54,Reprovado,1,2
2148,2559,GSI002,0,Reprovado,1,2
2149,2591,GSI002,60,Aprovado,1,2
2150,2591,GSI002,49,Reprovado,1,2
2151,2591,GSI002,30,Reprovado,1,2
2153,2591,GSI002,65,Aprovado,1,2
2157,2553,GSI002,34,Reprovado,1,2
2161,2591,GSI002,0,Reprovado,1,2
2164,2561,GSI002,95,Aprovado,1,2
2165,2553,GSI002,26,Reprovado,1,2
2166,2553,GSI002,19,Reprovado,1,2
2167,2379,GSI002,0,Reprovado,0,2
2178,2413,GSI002,0,Reprovado,1,2
2179,2377,GSI002,51,Reprovado,0,2
2180,2561,GSI002,86,Aprovado,1,2
2181,2011,GSI002,0,Reprovado,0,2
2187,2505,GSI002,0,Reprovado,1,1
2188,2453,GSI002,73,Aprovado,1,2
2189,2505,GSI002,0,Reprovado,1,1
2190,2379,GSI002,0,Reprovado,1,2
2191,2553,GSI002,76,Aprovado,1,2
2192,2505,GSI002,0,Reprovado,1,1
2193,2561,GSI002,66,Aprovado,1,2
2194,2453,GSI002,68,Aprovado,1,2
2195,2329,GSI002,37,Reprovado,1,1
2197,2453,GSI002,64,Aprovado,1,2
2198,2423,GSI002,94,Aprovado,0,1
2199,2561,GSI002,66,Aprovado,1,2
2200,2413,GSI002,87,Aprovado,1,2
2201,2413,GSI002,36,Reprovado,1,2
2202,2553,GSI002,60,Aprovado,1,2
2203,2553,GSI002,63,Aprovado,1,2
2204,2413,GSI002,27,Reprovado,1,2
2222,2257,GSI002,0,Reprovado,0,1
2229,2257,GSI002,0,Reprovado,0,1
2230,2482,GSI002,60,Aprovado,1,2
2231,2369,GSI002,78,Aprovado,1,2
2232,2377,GSI002,0,Reprovado,0,2
2233,2493,GSI002,40,Reprovado,1,2
2235,2369,GSI002,74,Aprovado,1,2
2236,2482,GSI002,61,Aprovado,1,2
2238,2423,GSI002,91,Aprovado,1,1
2239,2379,GSI002,0,Reprovado,0,2
2240,2493,GSI002,0,Reprovado,1,2
2241,2424,GSI002,6,Reprovado,1,2
2243,2482,GSI002,77,Aprovado,1,2
2244,2482,GSI002,67,Aprovado,1,2
2245,2482,GSI002,0,Reprovado,1,2
2246,2423,GSI002,0,Reprovado,1,1
2247,2365,GSI002,0,Reprovado,1,2
2250,2369,GSI002,60,Aprovado,1,2
2251,2329,GSI002,25,Reprovado,1,1
2252,1976,GSI002,0,Reprovado,0,2
2253,2493,GSI002,60,Aprovado,1,2
2259,2456,GSI002,0,Reprovado,1,2
2262,2493,GSI002,67,Aprovado,1,2
2263,2413,GSI002,70,Aprovado,1,2
2264,2381,GSI002,60,Aprovado,1,2
2272,2453,GSI002,0,Reprovado,1,2
2273,2413,GSI002,62,Aprovado,1,2
2274,2377,GSI002,60,Aprovado,1,2
2276,2493,GSI002,80,Aprovado,1,2
2277,2493,GSI002,82,Aprovado,1,2
2278,2381,GSI002,60,Aprovado,1,2
2279,2493,GSI002,62,Aprovado,1,2
2280,2453,GSI002,32,Reprovado,1,2
2281,2424,GSI002,62,Aprovado,1,2
2282,2365,GSI002,74,Aprovado,1,2
2284,2456,GSI002,0,Reprovado,1,2
2287,2261,GSI002,36,Reprovado,1,2
2288,2406,GSI002,80,Aprovado,1,2
2290,2413,GSI002,0,Reprovado,1,2
2293,2406,GSI002,62,Aprovado,1,2
2294,2456,GSI002,90,Aprovado,1,2
2298,2379,GSI002,61,Aprovado,1,2
2303,2456,GSI002,82,Aprovado,1,2
2304,2331,GSI002,3,Reprovado,0,2
2305,2261,GSI002,0,Reprovado,0,2
2312,2456,GSI002,80,Aprovado,1,2
2313,2365,GSI002,34,Reprovado,1,2
2314,2331,GSI002,12,Reprovado,0,2
2315,2101,GSI002,0,Reprovado,1,1
2316,1962,GSI002,0,Reprovado,0,2
2317,2424,GSI002,0,Reprovado,1,2
2318,2379,GSI002,81,Aprovado,1,2
2319,2329,GSI002,23,Reprovado,0,1
2320,2456,GSI002,100,Aprovado,1,2
2321,2406,GSI002,70,Aprovado,1,2
2322,2365,GSI002,76,Aprovado,1,2
2323,2379,GSI002,70,Aprovado,1,2
2324,2379,GSI002,91,Aprovado,1,2
2325,2335,GSI002,6,Reprovado,0,1
2326,2406,GSI002,70,Aprovado,1,2
2327,2377,GSI002,68,Aprovado,1,2
2328,2379,GSI002,90,Aprovado,1,2
2329,2424,GSI002,75,Aprovado,1,2
2330,2379,GSI002,79,Aprovado,1,2
2331,2379,GSI002,87,Aprovado,1,2
2334,2377,GSI002,0,Reprovado,0,2
2335,2365,GSI002,60,Aprovado,1,2
2336,2011,GSI002,0,Reprovado,0,2
2337,2379,GSI002,86,Aprovado,1,2
2338,2406,GSI002,79,Aprovado,1,2
2342,2365,GSI002,27,Reprovado,1,2
2357,2365,GSI002,2,Reprovado,1,2
2358,2365,GSI002,25,Reprovado,1,2
2359,2095,GSI002,0,Reprovado,1,2
2360,2365,GSI002,66,Aprovado,1,2
2361,2101,GSI002,0,Reprovado,1,1
2362,2365,GSI002,5,Reprovado,1,2
2367,2365,GSI002,79,Aprovado,1,2
2368,2365,GSI002,77,Aprovado,1,2
2369,2261,GSI002,0,Reprovado,0,2
2370,2365,GSI002,36,Reprovado,1,2
2372,2365,GSI002,25,Reprovado,1,2
2373,2381,GSI002,60,Aprovado,1,2
2375,2159,GSI002,0,Reprovado,0,0
2376,2159,GSI002,70,Aprovado,1,1
2377,2173,GSI002,60,Aprovado,1,2
2378,2377,GSI002,11,Reprovado,0,2
2379,2048,GSI002,0,Reprovado,0,2
2380,2369,GSI002,85,Aprovado,1,2
2382,1930,GSI002,22,Reprovado,1,2
2383,2381,GSI002,1,Reprovado,1,2
2384,2369,GSI002,0,Reprovado,0,2
2385,2365,GSI002,0,Reprovado,1,2
2386,2365,GSI002,63,Aprovado,1,2
2388,2381,GSI002,0,Reprovado,1,2
2389,2369,GSI002,60,Aprovado,1,2
2393,2335,GSI002,72,Aprovado,0,1
2404,2365,GSI002,36,Reprovado,1,2
2406,2365,GSI002,0,Reprovado,1,2
2407,2335,GSI002,95,Aprovado,1,1
2409,2335,GSI002,100,Aprovado,1,1
2410,2331,GSI002,0,Reprovado,0,2
2411,2335,GSI002,78,Aprovado,0,1
2412,2335,GSI002,79,Aprovado,1,1
2423,2335,GSI002,16,Reprovado,1,1
2424,2335,GSI002,0,Reprovado,1,0
2425,2159,GSI002,66,Aprovado,1,1
2426,2335,GSI002,59,Reprovado,1,1
2433,1962,GSI002,15,Reprovado,1,2
2434,2329,GSI002,0,Reprovado,1,1
2435,2159,GSI002,77,Aprovado,1,1
2436,2282,GSI002,38,Reprovado,0,0
2437,2329,GSI002,82,Aprovado,1,1
2438,2159,GSI002,8,Reprovado,1,1
2439,2331,GSI002,80,Aprovado,0,2
2440,2335,GSI002,78,Aprovado,1,1
2441,2159,GSI002,88,Aprovado,1,1
2445,2011,GSI002,62,Aprovado,0,2
2446,2329,GSI002,14,Reprovado,1,1
2447,2257,GSI002,0,Reprovado,0,1
2448,2196,GSI002,27,Reprovado,1,1
2449,2101,GSI002,85,Aprovado,1,1
2450,2329,GSI002,17,Reprovado,1,1
2452,2048,GSI002,0,Reprovado,1,2
2456,2335,GSI002,67,Aprovado,1,1
2457,2335,GSI002,96,Aprovado,1,1
2460,2335,GSI002,0,Reprovado,0,0
2464,2329,GSI002,94,Aprovado,1,1
2469,2257,GSI002,91,Aprovado,1,1
2471,2282,GSI002,71,Aprovado,1,1
2481,2282,GSI002,0,Reprovado,1,1
2484,2257,GSI002,0,Reprovado,1,1
2485,2257,GSI002,74,Aprovado,1,1
2486,2257,GSI002,77,Aprovado,1,1
2487,2257,GSI002,82,Aprovado,1,1
2494,2282,GSI002,80,Aprovado,0,1
2495,2282,GSI002,85,Aprovado,1,0
2496,2282,GSI002,94,Aprovado,1,1
2497,2282,GSI002,90,Aprovado,1,1
2498,2152,GSI002,62,Aprovado,1,2
2499,2152,GSI002,64,Aprovado,1,2
2500,2257,GSI002,17,Reprovado,1,1
2501,2257,GSI002,91,Aprovado,0,1
2502,2056,GSI002,9,Reprovado,1,2
2503,2101,GSI002,73,Aprovado,1,1
2505,2011,GSI002,63,Aprovado,1,2
2506,2159,GSI002,66,Aprovado,1,1
2507,2011,GSI002,65,Aprovado,1,2
2508,2159,GSI002,3,Reprovado,1,0
2509,2026,GSI002,0,Reprovado,0,2
2510,2186,GSI002,61,Aprovado,1,1
2511,2282,GSI002,31,Reprovado,0,1
2512,2257,GSI002,68,Aprovado,1,1
2513,2101,GSI002,0,Reprovado,1,1
2515,2261,GSI002,27,Reprovado,0,2
2516,2196,GSI002,60,Aprovado,1,1
2517,2011,GSI002,61,Aprovado,1,2
2518,2186,GSI002,45,Reprovado,1,1
2519,2282,GSI002,76,Aprovado,1,1
2520,2261,GSI002,0,Reprovado,0,2
2526,2257,GSI002,79,Aprovado,1,1
2527,2257,GSI002,70,Aprovado,1,1
2528,2257,GSI002,11,Reprovado,1,1
2529,2257,GSI002,23,Reprovado,1,1
2530,1962,GSI002,14,Reprovado,1,2
2532,2048,GSI002,0,Reprovado,1,2
2533,1962,GSI002,21,Reprovado,1,2
2534,2186,GSI002,0,Reprovado,1,1
2538,2186,GSI002,79,Aprovado,1,1
2540,2101,GSI002,60,Aprovado,1,1
2541,2101,GSI002,0,Reprovado,1,1
2547,2196,GSI002,78,Aprovado,1,1
2548,2159,GSI002,76,Aprovado,1,1
2549,2186,GSI002,78,Aprovado,1,1
2550,2186,GSI002,65,Aprovado,1,1
2552,2186,GSI002,79,Aprovado,1,1
2553,2186,GSI002,91,Aprovado,1,1
2554,2186,GSI002,93,Aprovado,1,1
2557,2186,GSI002,78,Aprovado,1,1
2563,2159,GSI002,13,Reprovado,1,0
2570,2159,GSI002,6,Reprovado,1,0
2571,2186,GSI002,60,Aprovado,1,1
2572,2196,GSI002,83,Aprovado,1,1
2573,2159,GSI002,0,Reprovado,0,0
2574,2159,GSI002,60,Aprovado,1,1
2575,2196,GSI002,0,Reprovado,1,1
2577,2173,GSI002,62,Aprovado,1,2
2578,2196,GSI002,0,Reprovado,1,1
2579,2196,GSI002,0,Reprovado,1,1
2580,1976,GSI002,0,Reprovado,0,2
2585,2101,GSI002,0,Reprovado,1,1
2588,1993,GSI002,69,Aprovado,1,2
2589,2196,GSI002,60,Aprovado,1,1
2608,1976,GSI002,0,Reprovado,0,2
2609,2173,GSI002,18,Reprovado,1,2
2610,1954,GSI002,0,Reprovado,1,1
2611,2056,GSI002,0,Reprovado,1,2
2618,2101,GSI002,66,Aprovado,1,1
2619,2173,GSI002,60,Aprovado,1,2
2620,2173,GSI002,69,Aprovado,1,2
2621,2011,GSI002,0,Reprovado,0,2
2622,2173,GSI002,60,Aprovado,1,2
2623,2090,GSI002,0,Reprovado,0,2
2624,2173,GSI002,92,Aprovado,1,2
2625,2173,GSI002,88,Aprovado,1,2
2626,2173,GSI002,69,Aprovado,1,2
2628,2152,GSI002,29,Reprovado,1,2
2629,2101,GSI002,65,Aprovado,1,1
2630,2152,GSI002,77,Aprovado,1,2
2631,2159,GSI002,77,Aprovado,1,1
2632,2173,GSI002,63,Aprovado,1,2
2633,2173,GSI002,60,Aprovado,1,2
2634,2011,GSI002,70,Aprovado,1,2
2635,2011,GSI002,61,Aprovado,1,2
2636,2101,GSI002,1,Reprovado,1,1
2637,1917,GSI002,0,Reprovado,0,0
2638,2101,GSI002,97,Aprovado,1,1
2639,2152,GSI002,60,Aprovado,1,2
2640,2152,GSI002,60,Aprovado,1,2
2641,2152,GSI002,69,Aprovado,1,2
2643,2152,GSI002,60,Aprovado,1,2
2644,2090,GSI002,0,Reprovado,0,2
2649,2152,GSI002,61,Aprovado,1,2
2651,2152,GSI002,62,Aprovado,1,2
2653,2152,GSI002,70,Aprovado,1,2
2654,2152,GSI002,60,Aprovado,1,2
2657,2025,GSI002,60,Aprovado,1,2
2663,2090,GSI002,11,Reprovado,0,2
2671,2095,GSI002,60,Aprovado,1,2
2673,2095,GSI002,60,Aprovado,1,2
2674,2095,GSI002,17,Reprovado,1,2
2675,2095,GSI002,14,Reprovado,1,2
2676,2011,GSI002,66,Aprovado,1,2
2677,2095,GSI002,60,Aprovado,1,2
2678,2095,GSI002,74,Aprovado,1,2
2684,2095,GSI002,77,Aprovado,1,2
2685,2095,GSI002,15,Reprovado,1,2
2686,2095,GSI002,62,Aprovado,1,2
2687,2095,GSI002,60,Aprovado,1,2
2688,2095,GSI002,60,Aprovado,1,2
2689,2095,GSI002,60,Aprovado,1,2
2690,2095,GSI002,35,Reprovado,1,2
2698,2056,GSI002,66,Aprovado,1,2
2699,2011,GSI002,89,Aprovado,1,2
2700,2060,GSI002,67,Aprovado,1,2
2701,2090,GSI002,60,Aprovado,1,2
2702,2090,GSI002,62,Aprovado,1,2
2703,2090,GSI002,42,Reprovado,1,2
2704,2090,GSI002,63,Aprovado,1,2
2705,2090,GSI002,0,Reprovado,1,2
2706,2090,GSI002,49,Reprovado,1,2
2707,2090,GSI002,0,Reprovado,1,2
2710,2090,GSI002,11,Reprovado,1,2
2711,2095,GSI002,35,Reprovado,1,2
2725,2011,GSI002,62,Aprovado,1,2
2726,2095,GSI002,73,Aprovado,1,2
2727,2011,GSI002,0,Reprovado,0,2
2734,2056,GSI002,60,Aprovado,1,2
2736,2056,GSI002,0,Reprovado,1,2
2737,2056,GSI002,73,Aprovado,1,2
2738,2056,GSI002,76,Aprovado,1,2
2740,2011,GSI002,90,Aprovado,1,2
2741,1917,GSI002,0,Reprovado,0,0
2742,2056,GSI002,0,Reprovado,1,2
2745,2011,GSI002,64,Aprovado,1,2
2746,2025,GSI002,78,Aprovado,1,2
2747,2011,GSI002,60,Aprovado,1,2
2748,2011,GSI002,1,Reprovado,1,2
2750,2025,GSI002,60,Aprovado,1,2
2751,2056,GSI002,79,Aprovado,1,2
2752,2060,GSI002,85,Aprovado,1,2
2754,2011,GSI002,90,Aprovado,1,2
2756,2060,GSI002,80,Aprovado,1,2
2757,2060,GSI002,69,Aprovado,1,2
2760,2060,GSI002,60,Aprovado,1,2
2766,2060,GSI002,94,Aprovado,1,2
2767,2060,GSI002,62,Aprovado,1,2
2768,2060,GSI002,0,Reprovado,1,2
2769,2060,GSI002,60,Aprovado,1,2
2770,2026,GSI002,67,Aprovado,1,2
2773,2011,GSI002,68,Aprovado,0,2
2776,1917,GSI002,18,Reprovado,0,0
2777,2011,GSI002,81,Aprovado,0,2
2786,1917,GSI002,0,Reprovado,0,0
2788,2060,GSI002,79,Aprovado,1,2
2789,2025,GSI002,92,Aprovado,1,2
2790,2025,GSI002,72,Aprovado,1,2
2791,2025,GSI002,67,Aprovado,0,2
2792,2025,GSI002,70,Aprovado,1,2
2799,2025,GSI002,8,Reprovado,1,2
2800,2025,GSI002,72,Aprovado,1,2
2801,2025,GSI002,70,Aprovado,1,2
2802,2025,GSI002,60,Aprovado,1,2
2803,2005,GSI002,75,Aprovado,1,2
2805,2025,GSI002,96,Aprovado,1,2
2806,2025,GSI002,62,Aprovado,1,2
2810,2026,GSI002,60,Aprovado,1,2
2811,2026,GSI002,0,Reprovado,0,2
2812,2026,GSI002,41,Reprovado,1,2
2813,2026,GSI002,73,Aprovado,1,2
2814,2026,GSI002,61,Aprovado,1,2
2815,2025,GSI002,71,Aprovado,1,2
2816,1930,GSI002,0,Reprovado,0,2
2817,2026,GSI002,91,Aprovado,1,2
2818,2026,GSI002,74,Aprovado,1,2
2819,2026,GSI002,70,Aprovado,1,2
2826,2026,GSI002,45,Reprovado,1,2
2830,2026,GSI002,60,Aprovado,1,2
2831,2026,GSI002,72,Aprovado,1,2
2832,1993,GSI002,13,Reprovado,0,2
2833,2026,GSI002,82,Aprovado,1,2
2834,2026,GSI002,48,Reprovado,0,2
2836,2026,GSI002,90,Aprovado,1,2
2838,1917,GSI002,25,Reprovado,0,0
2839,2026,GSI002,84,Aprovado,1,2
2842,2026,GSI002,48,Reprovado,1,2
2847,2005,GSI002,0,Reprovado,1,2
2848,2026,GSI002,60,Aprovado,1,2
2854,1917,GSI002,0,Reprovado,0,0
2855,1976,GSI002,0,Reprovado,0,2
2856,2011,GSI002,96,Aprovado,1,2
2858,2005,GSI002,63,Aprovado,1,2
2859,1976,GSI002,44,Reprovado,1,2
2868,2005,GSI002,78,Aprovado,1,2
2869,2005,GSI002,26,Reprovado,1,2
2871,2005,GSI002,10,Reprovado,0,2
2872,2005,GSI002,86,Aprovado,1,2
2873,2005,GSI002,94,Aprovado,1,2
2874,2005,GSI002,87,Aprovado,1,2
2875,2005,GSI002,65,Aprovado,1,2
2876,2005,GSI002,33,Reprovado,1,2
2877,1993,GSI002,74,Aprovado,1,2
2879,2005,GSI002,17,Reprovado,0,2
2880,2005,GSI002,99,Aprovado,1,2
2881,1917,GSI002,15,Reprovado,1,1
2882,2005,GSI002,75,Aprovado,1,2
2883,2005,GSI002,0,Reprovado,1,2
2884,1917,GSI002,13,Reprovado,0,0
2885,2005,GSI002,70,Aprovado,1,2
2886,2005,GSI002,95,Aprovado,1,2
2888,1917,GSI002,13,Reprovado,0,0
2889,1993,GSI002,85,Aprovado,1,2
2890,1917,GSI002,60,Aprovado,1,1
2891,1993,GSI002,63,Aprovado,0,2
2893,1993,GSI002,61,Aprovado,1,2
2894,1993,GSI002,67,Aprovado,0,2
2895,1947,GSI002,67,Aprovado,1,1
2896,1993,GSI002,84,Aprovado,1,2
2897,1917,GSI002,28,Reprovado,1,1
2898,1976,GSI002,60,Aprovado,1,2
2900,1890,GSI002,0,Reprovado,1,1
2901,1930,GSI002,64,Aprovado,1,2
2903,1930,GSI002,68,Aprovado,1,2
2913,1958,GSI002,13,Reprovado,1,1
2914,1966,GSI002,60,Aprovado,1,1
2915,1966,GSI002,75,Aprovado,1,1
2916,1908,GSI002,71,Aprovado,1,1
2917,1966,GSI002,60,Aprovado,1,1
2918,1947,GSI002,65,Aprovado,0,1
2919,1917,GSI002,78,Aprovado,1,1
2920,1962,GSI002,68,Aprovado,1,2
2921,1966,GSI002,0,Reprovado,1,0
2926,1958,GSI002,83,Aprovado,1,1
2927,1908,GSI002,4,Reprovado,1,1
2928,1966,GSI002,64,Aprovado,1,1
2929,1966,GSI002,73,Aprovado,1,1
2930,1962,GSI002,31,Reprovado,0,2
2931,1966,GSI002,66,Aprovado,1,1
2932,1966,GSI002,22,Reprovado,1,1
2934,1958,GSI002,6,Reprovado,1,1
2935,1958,GSI002,16,Reprovado,1,1
2936,1917,GSI002,70,Aprovado,1,1
2944,1930,GSI002,90,Aprovado,1,2
2948,1958,GSI002,100,Aprovado,1,1
2949,1958,GSI002,84,Aprovado,1,1
2951,1958,GSI002,10,Reprovado,1,1
2952,1958,GSI002,72,Aprovado,1,1
2955,1962,GSI002,0,Reprovado,1,2
2957,1930,GSI002,60,Aprovado,1,2
2959,1930,GSI002,15,Reprovado,0,2
2965,1954,GSI002,74,Aprovado,1,1
2966,1976,GSI002,0,Reprovado,1,2
2967,1930,GSI002,67,Aprovado,1,2
2968,1890,GSI002,0,Reprovado,0,1
2970,1917,GSI002,5,Reprovado,0,0
2971,1930,GSI002,62,Aprovado,1,2
2972,1917,GSI002,36,Reprovado,1,1
2973,1917,GSI002,0,Reprovado,0,0
2974,1958,GSI002,0,Reprovado,1,1
2975,1958,GSI002,33,Reprovado,1,1
2976,1958,GSI002,2,Reprovado,1,1
2977,1917,GSI002,0,Reprovado,0,0
2978,1962,GSI002,75,Aprovado,1,2
2980,1966,GSI002,80,Aprovado,1,1
2987,1930,GSI002,0,Reprovado,0,2
2990,1930,GSI002,10,Reprovado,1,2
2991,1890,GSI002,52,Reprovado,0,1
2992,1954,GSI002,88,Aprovado,1,1
2993,1930,GSI002,79,Aprovado,1,2
2994,1954,GSI002,65,Aprovado,1,1
2995,1917,GSI002,3,Reprovado,1,1
2996,1916,GSI002,38,Reprovado,1,1
2997,1916,GSI002,26,Reprovado,1,1
3001,1930,GSI002,0,Reprovado,0,2
3002,1930,GSI002,15,Reprovado,1,2
3003,1930,GSI002,0,Reprovado,1,2
3004,1954,GSI002,70,Aprovado,1,1
3005,1954,GSI002,0,Reprovado,1,1
3006,1930,GSI002,22,Reprovado,1,2
3007,1954,GSI002,82,Aprovado,1,1
3009,1900,GSI002,60,Aprovado,0,1
3010,1947,GSI002,0,Reprovado,1,1
3011,1947,GSI002,1,Reprovado,1,1
3012,1917,GSI002,84,Aprovado,0,0
3013,1908,GSI002,0,Reprovado,1,1
3014,1947,GSI002,28,Reprovado,1,1
3015,1930,GSI002,23,Reprovado,1,2
3016,1916,GSI002,43,Reprovado,1,1
3017,1900,GSI002,8,Reprovado,0,1
3018,1954,GSI002,63,Aprovado,1,1
3019,1954,GSI002,25,Reprovado,1,1
3022,1947,GSI002,80,Aprovado,1,1
3023,1947,GSI002,62,Aprovado,1,1
3024,1916,GSI002,6,Reprovado,1,1
3025,1947,GSI002,97,Aprovado,1,1
3026,1917,GSI002,18,Reprovado,0,0
3027,1947,GSI002,1,Reprovado,1,1
3028,1930,GSI002,9,Reprovado,1,2
3030,1917,GSI002,0,Reprovado,0,0
3032,1930,GSI002,0,Reprovado,1,2
3033,1917,GSI002,68,Aprovado,1,1
3036,1908,GSI002,5,Reprovado,1,1
3037,1947,GSI002,85,Aprovado,1,1
3038,1916,GSI002,8,Reprovado,1,1
3039,1916,GSI002,6,Reprovado,1,1
3046,1890,GSI002,0,Reprovado,1,1
3047,1908,GSI002,23,Reprovado,1,1
3048,1908,GSI002,44,Reprovado,1,1
3049,1908,GSI002,24,Reprovado,1,1
3050,1916,GSI002,0,Reprovado,1,1
3051,1890,GSI002,10,Reprovado,1,1
3052,1916,GSI002,3,Reprovado,1,1
3053,1900,GSI002,73,Aprovado,1,1
3054,1916,GSI002,62,Aprovado,1,1
3066,1890,GSI002,0,Reprovado,1,1
3067,1930,GSI002,0,Reprovado,0,2
3069,1917,GSI002,33,Reprovado,0,0
3070,1917,GSI002,64,Aprovado,1,1
3071,1908,GSI002,41,Reprovado,1,1
3072,1908,GSI002,84,Aprovado,1,1
3073,1908,GSI002,0,Reprovado,1,1
3074,1908,GSI002,1,Reprovado,1,1
3075,1890,GSI002,0,Reprovado,0,1
3076,1908,GSI002,87,Aprovado,1,1
3077,1908,GSI002,21,Reprovado,1,1
3078,1908,GSI002,72,Aprovado,1,1
3081,1900,GSI002,40,Reprovado,1,1
3082,1890,GSI002,0,Reprovado,1,1
3084,1916,GSI002,0,Reprovado,1,1
3086,1900,GSI002,74,Aprovado,1,1
3099,1890,GSI002,44,Reprovado,1,1
3101,1890,GSI002,6,Reprovado,1,1
3102,1890,GSI002,0,Reprovado,1,1
3103,1890,GSI002,75,Aprovado,1,1
3104,1890,GSI002,1,Reprovado,1,1
3105,1890,GSI002,19,Reprovado,1,1
3106,1890,GSI002,71,Aprovado,1,1
3108,1890,GSI002,52,Reprovado,1,1
3109,1900,GSI002,6,Reprovado,1,1
3110,1890,GSI002,84,Aprovado,1,1
3111,1890,GSI002,5,Reprovado,1,1
3112,1890,GSI002,62,Aprovado,1,1
3114,1900,GSI002,0,Reprovado,1,1
3115,1900,GSI002,2,Reprovado,1,1
3116,1900,GSI002,0,Reprovado,1,1
3118,1900,GSI002,4,Reprovado,1,1
3120,1900,GSI002,0,Reprovado,0,1
3121,1900,GSI002,0,Reprovado,1,1
3122,1900,GSI002,83,Aprovado,1,1
3123,1890,GSI002,7,Reprovado,1,1
3127,2196,GSI002,78,Aprovado,1,1
3130,1958,GSI002,0,Reprovado,1,1
3136,2482,GSI002,68,Aprovado,1,2
3137,2329,GSI002,3,Reprovado,0,1
3140,1966,GSI002,0,Reprovado,1,1
3147,2365,GSI002,28,Reprovado,1,2
3149,2702,GSI002,100,Aprovado,1,2
3150,2721,GSI002,73,Aprovado,1,2
3154,2011,GSI002,5,Reprovado,0,2
3156,2659,GSI002,100,Aprovado,1,2
3158,1930,GSI002,15,Reprovado,1,2
3160,2721,GSI002,68,Aprovado,1,2
3162,2005,GSI002,54,Reprovado,1,2
3163,2721,GSI002,87,Aprovado,1,2
3166,2659,GSI002,100,Aprovado,1,2
3167,2721,GSI002,60,Aprovado,1,2
3168,2186,GSI002,79,Aprovado,1,1
3169,2011,GSI002,66,Aprovado,0,2
3170,2011,GSI002,71,Aprovado,1,2
3180,2630,GSI002,60,Aprovado,1,2
3181,2196,GSI002,62,Aprovado,1,1
3182,2423,GSI002,68,Aprovado,1,1
3185,2025,GSI002,0,Reprovado,1,2
3191,2257,GSI002,33,Reprovado,1,1
3192,2591,GSI002,56,Reprovado,1,2
